{"train/learning_rate":0.0003,"train/std":0.82918966,"train/approx_kl":0.011692734,"train/entropy_loss":-2.4451551,"train/value_loss":0.15091875,"rollout/ep_rew_mean":301.44827,"_runtime":51.198408,"_timestamp":1.7496226801658611e+09,"train/policy_gradient_loss":-0.0068676975,"train/clip_fraction":0.11630859,"time/fps":2026,"_step":626,"global_step":100352,"train/explained_variance":0.8921799,"_wandb":{"runtime":51},"rollout/ep_len_mean":88.23,"train/loss":0.0037325919,"train/clip_range":0.2}