{"_timestamp":1.749618921752172e+09,"_runtime":0.534926,"_step":7,"_wandb":{"runtime":0},"accuracy":0.9481495507223678,"loss":0.09456420428514666}