{"train/std":1.2047284,"train/clip_fraction":0.0421875,"train/explained_variance":-0.18602967,"train/loss":-0.0165076,"train/clip_range":0.2,"rollout/ep_len_mean":169.55,"_step":6347,"rollout/ep_rew_mean":-12.947681,"global_step":1001472,"train/value_loss":0.018856661,"train/approx_kl":0.006949796,"time/fps":2000,"train/entropy_loss":-3.1983972,"_timestamp":1.749623564771342e+09,"train/policy_gradient_loss":-0.0072873128,"_wandb":{"runtime":502},"train/learning_rate":0.0003,"_runtime":502.70041200000003}