{"train/learning_rate":0.0003,"train/value_loss":0.0019879297,"train/approx_kl":0.010379404,"_step":627,"rollout/ep_len_mean":49.89,"train/policy_gradient_loss":-0.010421376,"train/std":0.747738,"_wandb":{"runtime":50},"global_step":100352,"_timestamp":1.749620042115916e+09,"train/clip_fraction":0.11333008,"train/loss":-0.021240016,"_runtime":50.658111,"train/clip_range":0.2,"rollout/ep_rew_mean":-28995.365,"train/entropy_loss":-2.2665548,"train/explained_variance":0.9815674,"time/fps":2072}