{"train/learning_rate":0.0003,"_timestamp":1.7496227703128068e+09,"_runtime":50.716544999999996,"train/explained_variance":0.7321544,"train/clip_range":0.2,"time/fps":2051,"train/value_loss":0.04206105,"rollout/ep_len_mean":117.08,"train/entropy_loss":-2.5990045,"train/std":0.8861871,"rollout/ep_rew_mean":13.264538,"_wandb":{"runtime":50},"train/policy_gradient_loss":-0.003847823,"_step":627,"train/clip_fraction":0.070898436,"train/approx_kl":0.0070900116,"train/loss":0.001748844,"global_step":100352}