{"time/fps":2066,"global_step":100352,"train/loss":-0.014000402,"train/std":0.7128184,"train/policy_gradient_loss":-0.00814377,"rollout/ep_rew_mean":-2735.4365,"train/clip_range":0.2,"train/value_loss":0.0070018927,"_timestamp":1.749622516527186e+09,"train/entropy_loss":-2.1555219,"_runtime":51.395636,"train/learning_rate":0.0003,"train/clip_fraction":0.0815918,"rollout/ep_len_mean":61.88,"train/explained_variance":0.96213007,"_wandb":{"runtime":51},"_step":627,"train/approx_kl":0.008104237}