{"train/entropy_loss":-2.1470625,"train/loss":-0.037427753,"train/policy_gradient_loss":-0.007177864,"rollout/ep_len_mean":45.39,"_wandb":{"runtime":51},"_timestamp":1.749621702610752e+09,"time/fps":1994,"_step":627,"train/clip_range":0.2,"train/value_loss":0.006641206,"train/approx_kl":0.008006381,"train/learning_rate":0.0003,"rollout/ep_rew_mean":-34099.973,"_runtime":51.499069,"train/explained_variance":0.939535,"global_step":100352,"train/std":0.7045784,"train/clip_fraction":0.09926758}