{"global_step":100352,"train/approx_kl":0.006611225,"rollout/ep_len_mean":104.68,"_runtime":51.869885,"_wandb":{"runtime":51},"_step":627,"rollout/ep_rew_mean":68.38238,"train/loss":0.055970345,"_timestamp":1.749623000998382e+09,"train/clip_range":0.2,"train/clip_fraction":0.047851562,"train/explained_variance":0.86531717,"train/learning_rate":0.0003,"train/entropy_loss":-2.444004,"train/policy_gradient_loss":-0.0025095728,"train/value_loss":0.12642542,"time/fps":2005,"train/std":0.8205284}