{"global_step":100352,"_runtime":51.70943,"train/learning_rate":0.0003,"train/value_loss":0.00054728705,"train/loss":-0.02843392,"train/policy_gradient_loss":-0.014732037,"_wandb":{"runtime":51},"train/explained_variance":0.99440926,"time/fps":2001,"train/clip_range":0.2,"_step":627,"rollout/ep_rew_mean":-2944.6118,"train/clip_fraction":0.1415039,"train/entropy_loss":-2.2453988,"rollout/ep_len_mean":40.51,"train/std":0.74126697,"_timestamp":1.7496223902169988e+09,"train/approx_kl":0.011259155}