{"train/loss":-0.010248476,"_wandb":{"runtime":50},"time/fps":2089,"train/std":0.7507652,"train/clip_range":0.2,"_timestamp":1.7496196091436448e+09,"train/explained_variance":0.9734965,"train/approx_kl":0.0100491885,"global_step":100352,"_step":529,"train/policy_gradient_loss":-0.008108114,"train/clip_fraction":0.118896484,"_runtime":50.300073,"train/entropy_loss":-2.2617803,"train/learning_rate":0.0003,"train/value_loss":0.003756804}