{"train/clip_fraction":0.11689453,"train/value_loss":0.0060547516,"train/learning_rate":0.0003,"train/explained_variance":0.9632391,"train/policy_gradient_loss":-0.009991068,"time/fps":2043,"train/clip_range":0.2,"_step":627,"train/entropy_loss":-2.3142047,"rollout/ep_len_mean":50,"global_step":100352,"rollout/ep_rew_mean":-3366.623,"train/loss":-0.013846619,"train/approx_kl":0.0074843913,"train/std":0.76632977,"_timestamp":1.749622282164928e+09,"_runtime":50.767195,"_wandb":{"runtime":50}}